Playlist Id,Channel Id,Time Created,Time Updated,Title,Description,Visibility
PLcci3DqDO36vElGrj4n-VuxGL3ZmX5S0N,UCmE-cFAjr5XqNO6R_LTbYJQ,2021-09-09 03:24:03 UTC,2021-09-16 14:23:08 UTC,Hubb,,Public

Video Id,Time Added
lsnI7Uvi_zg,2021-09-12 05:23:10 UTC
de6tsYGmibI,2021-09-12 05:23:17 UTC
C0XbNtKiff4,2021-09-12 05:23:21 UTC
XltdUnThFfw,2021-09-12 05:23:26 UTC
mVpImKUGaVY,2021-09-12 05:23:28 UTC
UPGupODbWVk,2021-09-12 05:23:30 UTC
qKmaMyR8nyE,2021-09-12 05:23:31 UTC
GgsJm_0PlpY,2021-09-12 05:23:44 UTC
a1pWN2ixeVY,2021-09-12 05:23:48 UTC
OCpNmMOwcFw,2021-09-12 05:23:56 UTC
g46dhekLIec,2021-09-12 05:24:15 UTC
5XwwEZiv3d8,2021-09-12 05:24:24 UTC
pY6Rlu0SZRc,2021-09-12 05:24:26 UTC
IvqfZpXa_JA,2021-09-12 05:24:40 UTC
WVEJ6sO1JGI,2021-09-12 05:24:43 UTC
2b0Es-axOnQ,2021-09-12 05:24:56 UTC
PPVagP32MIw,2021-09-12 05:24:58 UTC
1GeCOXGQfxI,2021-09-12 05:25:32 UTC
5p-HQ6ip8Gc,2021-09-12 05:25:39 UTC
K7UloVeCxTs,2021-09-12 05:25:47 UTC
qZu069mvDsU,2021-09-12 05:25:49 UTC
lVaNuRiDW1E,2021-09-12 05:25:58 UTC
bwB7QDcPz2A,2021-09-12 05:26:06 UTC
O99ivIFHs90,2021-09-12 05:26:29 UTC
GPMcwzESL7I,2021-09-12 05:26:45 UTC
fqMJ_I012VU,2021-09-12 05:27:13 UTC
T2Nd9U2xfvo,2021-09-12 05:27:31 UTC
y5h_dukaB1I,2021-09-12 05:27:33 UTC
93dCIYaB4Os,2021-09-12 05:27:44 UTC
IXl0nMLIUsU,2021-09-12 05:27:45 UTC
cU36WSG-XjI,2021-09-12 05:28:05 UTC
HLgOoH_tT6E,2021-09-12 05:28:07 UTC
p93eTRzfOjk,2021-09-12 05:28:16 UTC
uDMnsgQLkTo,2021-09-12 05:28:36 UTC
qzmthjcZZ70,2021-09-12 05:28:47 UTC
0Md0E5icspA,2021-09-12 05:29:03 UTC
o4vySu89nmI,2021-09-12 05:29:14 UTC
jqObaDcfYqY,2021-09-12 05:29:29 UTC
Fp7cUfVxhlU,2021-09-12 05:29:37 UTC
susoPJb9_6Q,2021-09-12 05:29:41 UTC
3Nn4JqTNB9g,2021-09-12 05:29:48 UTC
CFJtRiKgLhE,2021-09-12 05:30:27 UTC
JguQIUGoE3E,2021-09-12 05:31:01 UTC
n0qKGsrJ8ho,2021-09-12 05:31:08 UTC
lgzG4Fi8mqU,2021-09-12 05:31:16 UTC
U0xxuqqtxKM,2021-09-12 05:31:24 UTC
HQpWwRogwg0,2021-09-12 05:31:36 UTC
qiEwvzNnd4g,2021-09-12 05:32:08 UTC
fb7ekOiy17M,2021-09-12 05:32:22 UTC
N9UjyN-jvJ8,2021-09-12 05:32:31 UTC
hhSLkkLl750,2021-09-12 05:32:46 UTC
umdZ_lTbwk4,2021-09-12 05:33:17 UTC
 -eGM0IJc70Y,2021-09-12 05:33:18 UTC
kkB4qTpRx_E,2021-09-12 05:33:28 UTC
84jK2Rzso7M,2021-09-12 05:33:31 UTC
tyfUR6K12RM,2021-09-12 05:33:55 UTC
Gt4xZnBBOHQ,2021-09-12 05:34:03 UTC
GGsuLVlLObc,2021-09-12 05:34:07 UTC
Dy_eP-mqWow,2021-09-12 05:34:15 UTC
SRbA_JzFKuA,2021-09-12 05:34:48 UTC
YxRxd8aNd6I,2021-09-12 05:35:03 UTC
t2rsf8SiMJY,2021-09-12 05:35:13 UTC
W6yQrZ_u2kQ,2021-09-12 05:35:54 UTC
iGbPR36zGx4,2021-09-12 05:35:59 UTC
YaSs9z8e6YI,2021-09-12 05:36:11 UTC
ne_jRAHABx0,2021-09-12 05:36:32 UTC
JsWG2Gry1fw,2021-09-12 05:36:55 UTC
8uctXNYrDg0,2021-09-12 05:37:34 UTC
eoTh9nsjgeU,2021-09-12 05:37:46 UTC
OyRI29n8-5E,2021-09-12 05:38:14 UTC
RVjIcgmKTic,2021-09-12 05:38:47 UTC
bIO0_OKpbDU,2021-09-12 05:38:56 UTC
f8OHybVhQwc,2021-09-12 05:39:17 UTC
Ndpryp2OlUQ,2021-09-12 05:40:59 UTC
jjNP9hdqfS4,2021-09-12 05:41:13 UTC
WjF4eOnjCLE,2021-09-12 05:41:25 UTC
pNPf-aP-bsA,2021-09-12 05:42:28 UTC
DjtcoaMASG0,2021-09-12 05:44:28 UTC
uelHwf8o7_U,2021-09-12 05:44:47 UTC
j_CH_Usud_o,2021-09-12 05:44:54 UTC
Me79vqtfY48,2021-09-12 05:45:03 UTC
EHkozMIXZ8w,2021-09-12 05:45:07 UTC
8WYHDfJDPDc,2021-09-12 05:46:47 UTC
Mb1ZvUDvLDY,2021-09-12 05:46:59 UTC
VcP96KbFIIU,2021-09-12 05:47:14 UTC
He8jBCZXDF4,2021-09-12 05:51:31 UTC
Ha80ZaecGkQ,2021-09-12 05:56:28 UTC
CtwJvgPJ9xw,2021-09-12 05:56:33 UTC
YvCPFearE4Q,2021-09-12 06:00:38 UTC
diP7y9aXEr0,2021-09-12 06:01:41 UTC
Byu0zQALzNs,2021-09-12 06:02:30 UTC
SmYrZl1mD-8,2021-09-12 06:02:47 UTC
ppkEFc-AFu0,2021-09-12 06:03:03 UTC
qGGC4dVAlKM,2021-09-12 06:03:14 UTC
gq11TxqnL2M,2021-09-12 06:05:53 UTC
e9oZNn8k_oA,2021-09-12 06:06:03 UTC
6RoR2fdphzU,2021-09-12 06:07:30 UTC
8mL7xb0qrNQ,2021-09-12 06:07:48 UTC
t7RxsDh6GzU,2021-09-12 06:09:21 UTC
ao5c61gwJtY,2021-09-12 06:10:25 UTC
OKpJkUdXDiQ,2021-09-12 06:16:19 UTC
BsqG3_FpRzE,2021-09-12 06:17:29 UTC
w8nwQfGT0W0,2021-09-12 06:23:48 UTC
dqB_oIBtIDI,2021-09-12 06:26:24 UTC
ZNNW1WNp28g,2021-09-12 06:27:26 UTC
n20FybQg7oM,2021-09-12 06:40:01 UTC
uyllsPsJVb4,2021-09-12 06:44:51 UTC
A_MxuCo102w,2021-09-12 06:45:00 UTC
uypvxJbmnSM,2021-09-12 06:46:38 UTC
4bE7caE5UGc,2021-09-14 09:56:46 UTC
ZD3kCxMqjuk,2021-09-14 09:58:08 UTC
c9GvZKZMP7s,2021-09-14 11:19:46 UTC
uSq6H7g91yc,2021-09-16 01:52:24 UTC
QkqqfD_TlnM,2021-09-16 14:23:08 UTC

